price,year,trans,fuel,km,kw
,2018,Manuál,Benzín,47900,44
,2022,Manuál,Benzín,25500,70
,2019,Manuál,Benzín,30000,81
,2004,Manuál,Benzín,63799,47
,2005,Manuál,Benzín,160005,40
,2011,Manuál,Diesel,139232,55
,2011,Manuál,Benzín,125777,44
,2013,Manuál,Benzín,144722,63
,2012,Manuál,Diesel,181293,66
,2011,Manuál,Diesel,146836,66
,2015,Manuál,Diesel,172000,66
,2016,Manuál,Benzín,124487,81
,2015,Manuál,Benzín,11784,44
,2018,Manuál,Benzín,33000,66
,2022,Manuál,Benzín,5,59
,2023,Manuál,Benzín,5,81
,2022,Manuál,Benzín,150,81
,2022,Automat,Benzín,1000,81
,2002,Manuál,Benzín,148253,44
,2003,Manuál,Benzín,121775,55
,2005,Manuál,Benzín,209268,47
,2003,Manuál,Benzín,271373,40
,2000,Manuál,Benzín,235000,44
,2006,Manuál,Benzín,148912,40
,2002,Manuál,Benzín,133062,40
,2001,Manuál,Benzín,427502,50
,2006,Manuál,Benzín,200020,47
,2004,Manuál,Diesel,210344,47
,2005,Manuál,Benzín,259746,40
,2004,Manuál,Benzín,219953,40
,2002,Manuál,Benzín,168190,44
,2005,Manuál,Benzín,290132,40
,2005,Manuál,Diesel,302205,55
,2003,Manuál,Benzín,247611,74
,2002,Manuál,Benzín,227415,40
,2003,Manuál,Benzín,76277,47
,2002,Manuál,Benzín,209068,40
,2001,Manuál,Benzín,172077,44
,2001,Manuál,Benzín,239755,44
,2008,Manuál,Benzín,182244,47
,2006,Manuál,Benzín,158904,40
,2001,Manuál,Benzín,276695,44
,2004,Manuál,Benzín,178039,55
,2000,Manuál,Benzín,163000,50
,2002,Manuál,Benzín,192860,44
,2001,Manuál,Diesel,123000,74
,2002,Manuál,Benzín,121939,74
,2001,Manuál,Benzín,212000,55
,2002,Manuál,Benzín,198480,39
,2002,Manuál,Benzín,230780,44
,2004,Manuál,Benzín,169685,47
,2006,Manuál,Benzín,293587,47
,2002,Manuál,Benzín,224000,44
,2005,Manuál,Benzín,175991,40
,2000,Manuál,Benzín,244495,50
,2006,Manuál,Benzín,230283,47
,2006,Manuál,Benzín,197745,40
,2006,Manuál,Benzín,246000,40
,2002,Manuál,Benzín,287000,40
,2001,Manuál,Benzín,111210,44
,2003,Manuál,Benzín,108038,47
,2001,Manuál,Benzín,219000,55
,2004,Manuál,Benzín,164541,40
,2004,Manuál,Benzín,119000,40
,2003,Manuál,Diesel,450000,47
,2003,Manuál,Benzín,123990,40
,2004,Manuál,Benzín,192000,40
,2005,Manuál,Benzín,146084,47
,2004,Manuál,Benzín,188312,47
,2009,Manuál,Benzín,224044,51
,2003,Manuál,Benzín,208131,40
,2001,Manuál,Benzín,185557,50
,2001,Manuál,Benzín,222228,74
,2001,Manuál,Benzín,176759,50
,2003,Manuál,Diesel,356816,47
,2003,Manuál,Benzín,182985,40
,2005,Manuál,Benzín,182436,40
,2002,Manuál,Diesel,227001,47
,2004,Manuál,Benzín,180888,40
,2007,Manuál,Benzín,171311,40
,2005,Manuál,Benzín,207966,47
,2001,Manuál,Benzín,111831,50
,2000,Manuál,Benzín,78500,50
,2002,Manuál,Benzín,241214,44
,2000,Manuál,Benzín,137650,50
,2001,Manuál,Benzín,182000,55
,2000,Manuál,Diesel,325000,47
,2002,Manuál,Benzín,219003,55
,2004,Manuál,Benzín,143000,40
,2000,Manuál,Benzín,184300,50
,2007,Manuál,Benzín,284000,40
,2004,Manuál,Benzín,157008,47
,2003,Manuál,Benzín,215983,47
,2003,Manuál,Benzín,162593,47
,2004,Manuál,Benzín,171150,40
,2007,Manuál,Benzín+Plyn,330708,44
,2004,Manuál,Benzín,191050,47
,2008,Manuál,Diesel,289998,51
,2004,Manuál,Benzín,110630,47
,2006,Manuál,Benzín,240400,47
,2008,Manuál,Benzín,136144,44
,2002,Manuál,Benzín,239787,50
,2000,Manuál,Benzín,184625,44
,2008,Manuál,Benzín,227997,44
,2006,Manuál,Benzín,185083,40
,2006,Manuál,Benzín,103400,40
,2000,Manuál,Benzín,237192,50
,2006,Manuál,Benzín,157300,47
,2006,Manuál,Benzín,221502,47
,2001,Manuál,Benzín,59801,44
,2002,Manuál,Benzín,190493,44
,2003,Manuál,Benzín,161422,44
,2004,Manuál,Benzín,130500,40
,2003,Manuál,Benzín,173235,40
,2005,Manuál,Diesel,264000,51
,2006,Manuál,Benzín,192934,47
,2003,Manuál,Benzín,101952,40
,2003,Manuál,Benzín,143499,40
,2004,Manuál,Benzín,215074,40
,2003,Manuál,Benzín,186865,47
,2003,Manuál,Benzín,186865,47
,2004,Manuál,Benzín,163064,40
,2001,Manuál,Diesel,227671,74
,2007,Manuál,Benzín,217531,47
,2003,Manuál,Benzín,153045,55
,2006,Manuál,Benzín,82815,47
,2005,Manuál,Benzín,74862,47
,2008,Manuál,Benzín,220725,44
,2007,Manuál,Benzín,104106,51
,2004,Manuál,Diesel,303095,74
,2001,Manuál,Benzín,104244,44
,2000,Manuál,Diesel,206220,47
,2004,Manuál,Benzín,102639,47
,2003,Manuál,Benzín,170410,55
,2003,Manuál,Benzín,126483,47
,2006,Manuál,Benzín,223674,55
,2005,Manuál,Benzín,250670,40
,2008,Manuál,Benzín,253362,44
,2007,Manuál,Benzín,177166,47
,2000,Manuál,Benzín,260164,44
,2000,Manuál,Benzín,260164,44
,2005,Manuál,Benzín,148000,40
,2005,Manuál,Benzín,231000,47
,2005,Manuál,Benzín,136118,40
,2007,Manuál,Benzín,118674,40
,2004,Manuál,Benzín,43038,40
,2004,Manuál,Benzín,260417,40
,2006,Manuál,Benzín,151944,47
,2005,Manuál,Benzín,218335,74
,2009,Manuál,Benzín,233937,44
,2005,Manuál,Benzín,189000,47
,2009,Manuál,Benzín,164942,51
,2008,Manuál,Benzín,166400,51
,2007,Manuál,Benzín,70564,47
,2003,Manuál,Benzín,176200,55
,2007,Manuál,Benzín,195453,44
,2007,Manuál,Benzín,189384,44
,2004,Manuál,Benzín,129821,40
,2009,Manuál,Benzín,192295,44
,2004,Manuál,Benzín,134159,47
,2007,Manuál,Benzín,265066,51
,2003,Manuál,Benzín,154674,40
,2011,Manuál,Benzín,300000,44
,2006,Manuál,Benzín,118221,40
,2003,Manuál,Benzín,134621,55
,2002,Manuál,Benzín,161700,40
,2006,Manuál,Benzín,197831,47
,2006,Manuál,Benzín,150195,55
,2006,Manuál,Benzín,169000,47
,2009,Manuál,Benzín,136058,44
,2004,Manuál,Benzín,153200,40
,2004,Manuál,Benzín,153200,40
,2008,Manuál,Benzín,152000,51
,2002,Manuál,Benzín,142534,50
,2005,Manuál,Diesel,288000,74
,2005,Manuál,Benzín,178862,47
,2007,Manuál,Benzín,196048,44
,2013,Manuál,Benzín,310000,63
,2008,Manuál,Diesel,248000,59
,2012,Manuál,Benzín+Plyn,350932,
,2009,Manuál,Benzín,252000,44
,2003,Manuál,Benzín,150000,55
,2005,Manuál,Diesel,261108,74
,2004,Manuál,Benzín,136760,40
,2003,Manuál,Benzín,112094,40
,2004,Manuál,Benzín,158976,55
,2006,Manuál,Benzín,229205,47
,2005,Manuál,Benzín,205681,47
,2003,Manuál,Benzín,115722,50
,2008,Manuál,Benzín,188158,51
,2007,Manuál,Benzín,297627,44
,2005,Manuál,Benzín,121415,40
,2009,Manuál,Benzín,259220,44
,2003,Manuál,Benzín,51529,40
,2007,Manuál,Diesel,201367,51
,2008,Manuál,Benzín,232730,55
,2007,Manuál,Benzín,106238,40
,2010,Manuál,Benzín,236555,51
,2012,Manuál,Diesel,231215,55
,2010,Manuál,Benzín,130459,51
,2002,Manuál,Benzín,93506,40
,2009,Manuál,Benzín,268519,44
,2007,Manuál,Benzín,172174,40
,2009,Manuál,Benzín,225000,44
,2007,Manuál,Benzín,135058,51
,2003,Manuál,Diesel,199320,47
,2005,Manuál,Benzín,117000,55
,2008,Manuál,Benzín,210295,51
,2008,Manuál,Diesel,176616,59
,2000,Manuál,Diesel,174462,47
,2004,Manuál,Benzín,75850,40
,2008,Manuál,Benzín,179435,51
,2013,Manuál,Benzín,172000,44
,2007,Manuál,Benzín,176955,63
,2008,Manuál,Benzín,215279,44
,2012,Manuál,Benzín,157000,44
,2003,Manuál,Benzín,106540,55
,2007,Manuál,Benzín+Plyn,294888,44
,2011,Manuál,Diesel,293522,66
,2006,Manuál,Benzín,191760,55
,2012,Manuál,Diesel,300200,55
,2010,Manuál,Diesel,162452,51
,2007,Manuál,Diesel,281337,77
,2007,Manuál,Benzín,254143,44
,2012,Manuál,Diesel,194090,55
,2007,Manuál,Benzín,125138,47
,2006,Manuál,Benzín,146762,55
,2007,Manuál,Benzín,225000,44
,2008,Manuál,Diesel,245000,59
,2006,Manuál,Benzín,101469,40
,2008,Manuál,Benzín,118313,44
,2007,Manuál,Benzín,114895,47
,2009,Manuál,Benzín,160539,44
,2007,Manuál,Diesel,185783,51
,2007,Manuál,Benzín,76322,40
,2006,Manuál,Benzín,137857,47
,2008,Manuál,Benzín,176792,51
,2010,Manuál,Benzín,177535,44
,2006,Manuál,Benzín,128544,40
,2007,Manuál,Benzín,129116,51
,2011,Manuál,Diesel,224311,77
,2004,Manuál,Benzín,32773,40
,2008,Manuál,Benzín,141166,51
,2011,Manuál,Diesel,291737,55
,2008,Manuál,Benzín,100800,44
,2005,Manuál,Benzín,128150,55
,2007,Manuál,Benzín,180267,55
,2008,Manuál,Benzín,139648,44
,2005,Manuál,Benzín,47827,40
,2007,Manuál,Benzín,194034,44
,2006,Manuál,Benzín,172184,55
,2009,Manuál,Diesel,231657,51
,2009,Manuál,Benzín,148338,44
,2008,Manuál,Diesel,178000,51
,2007,Manuál,Benzín,157134,44
,2008,Manuál,Benzín,125134,51
,2009,Manuál,Benzín,97058,51
,2007,Manuál,Benzín,98018,44
,2010,Manuál,Benzín,165645,44
,2008,Manuál,Benzín,136263,44
,2007,Manuál,Benzín,122825,51
,2001,Automat,Benzín,221000,55
,2008,Manuál,Benzín,151113,63
,2007,Manuál,Benzín,178301,74
,2008,Manuál,Benzín,235544,51
,2007,Manuál,Diesel,267000,59
,2007,Manuál,Benzín,229000,51
,2009,Manuál,Diesel,239519,51
,2008,Manuál,Benzín,192478,51
,2007,Manuál,Benzín,107000,44
,2007,Manuál,Benzín,175137,51
,2007,Manuál,Diesel,196695,51
,2008,Manuál,Benzín,160800,44
,2009,Manuál,Benzín,152983,44
,2008,Manuál,Benzín,146000,51
,2007,Manuál,Benzín,155702,44
,2007,Manuál,Benzín,189869,55
,2006,Manuál,Benzín,155145,55
,2008,Manuál,Benzín,244971,44
,2009,Manuál,Benzín,171786,44
,2007,Manuál,Benzín,122353,44
,2008,Manuál,Benzín,154253,63
,2007,Manuál,Benzín,44798,47
,2008,Manuál,Benzín,107348,51
,2008,Manuál,Diesel,228347,59
,2010,Manuál,Benzín,125835,44
,2008,Manuál,Benzín,125041,63
,2007,Manuál,Diesel,125612,59
,2009,Manuál,Benzín,143345,44
,2008,Manuál,Diesel,161599,51
,2008,Manuál,Diesel,105000,51
,2010,Manuál,Benzín+Plyn,183000,44
,2005,Manuál,Benzín,75974,40
,2008,Manuál,Diesel,244402,59
,2008,Manuál,Benzín,106960,47
,2006,Manuál,Benzín+Plyn,114000,
,2008,Manuál,Benzín,151515,44
,2010,Manuál,Benzín,61012,44
,2010,Manuál,Benzín,213526,63
,2008,Manuál,Diesel,234000,51
,2005,Manuál,Benzín,139533,55
,2006,Manuál,Benzín,185205,55
,2007,Manuál,Benzín,168080,55
,2010,Manuál,Benzín,96000,44
,2012,Manuál,Diesel,265000,55
,2009,Manuál,Benzín,198000,51
,2008,Manuál,Benzín,218000,44
,2011,Manuál,Benzín,182875,51
,2006,Manuál,Benzín,14826,47
,2009,Manuál,Benzín,139334,44
,2007,Manuál,Benzín,74222,44
,2008,Manuál,Benzín,99043,44
,2009,Manuál,Benzín,104065,44
,2011,Manuál,Diesel,162668,66
,2004,Manuál,Diesel,310957,96
,2009,Manuál,Benzín,160677,51
,2008,Manuál,Benzín,114266,44
,2007,Manuál,Benzín,116542,44
,2008,Manuál,Benzín,112099,44
,2011,Manuál,Benzín,99556,44
,2008,Manuál,Benzín,189183,63
,2011,Manuál,Benzín,153271,63
,2007,Manuál,Benzín,209000,44
,2010,Manuál,Benzín,140000,44
,2007,Manuál,Diesel,135970,59
,2011,Manuál,Benzín,178720,63
,2009,Manuál,Benzín,84948,44
,2008,Manuál,Benzín,132000,44
,2010,Manuál,Diesel,244001,55
,2009,Manuál,Benzín,93237,44
,2011,Manuál,Benzín,142500,44
,2008,Manuál,Benzín,154392,51
,2008,Manuál,Benzín,212408,51
,2009,Manuál,Benzín,106671,44
,2008,Manuál,Benzín,104684,51
,2008,Manuál,Benzín+Plyn,195000,63
,2009,Manuál,Benzín,181047,51
,2010,Manuál,Benzín,235925,51
,2010,Manuál,Benzín,117171,44
,2011,Manuál,Benzín,146035,51
,2011,Manuál,Benzín,112160,44
,2008,Manuál,Benzín,97930,44
,2010,Manuál,Benzín,226862,63
,2009,Manuál,Benzín,100000,44
,2012,Manuál,Benzín,147992,63
,2009,Manuál,Benzín,75928,44
,2010,Manuál,Benzín,122667,51
,2010,Manuál,Benzín,98000,51
,2007,Manuál,Benzín,216658,63
,2004,Automat,Benzín,112862,55
,2009,Manuál,Benzín,168234,51
,2019,Manuál,Benzín,66279,44
,2009,Manuál,Diesel,225173,59
,2008,Manuál,Benzín,213315,63
,2008,Manuál,Benzín,107749,44
,2012,Manuál,Benzín,177304,51
,2011,Manuál,Diesel,233400,55
,2007,Manuál,Benzín,188580,63
,2010,Manuál,Benzín,23802,44
,2008,Manuál,Benzín,135064,51
,2010,Manuál,Diesel,209887,55
,2009,Manuál,Benzín,81202,63
,2009,Manuál,Benzín,67350,44
,2008,Manuál,Benzín,146798,44
,2011,Manuál,Diesel,225288,55
,2007,Manuál,Benzín,178114,63
,2009,Manuál,Benzín,171545,51
,2012,Manuál,Diesel,179772,55
,2009,Manuál,Benzín,127905,44
,2007,Manuál,Benzín,217000,63
,2008,Manuál,Diesel,176000,51
,2013,Manuál,Benzín,162695,44
,2007,Manuál,Benzín,113000,63
,2010,Manuál,Benzín,137274,63
,2011,Manuál,Benzín,123637,44
,2011,Manuál,Benzín,82828,44
,2010,Manuál,Benzín,158558,63
,2009,Manuál,Benzín,82285,44
,2009,Manuál,Benzín,180310,44
,2009,Manuál,Benzín,117959,51
,2009,Manuál,Benzín,182000,63
,2013,Manuál,Benzín,199700,63
,2011,Manuál,Benzín,122300,44
,2013,Manuál,Benzín,198500,63
,2011,Manuál,Benzín,253200,63
,2010,Manuál,Benzín,99580,44
,2012,Manuál,Benzín,155260,51
,2010,Manuál,Benzín,80285,44
,2012,Manuál,Diesel,201222,66
,2007,Manuál,Benzín,154994,63
,2010,Manuál,Benzín,255974,77
,2010,Manuál,Diesel,204590,55
,2011,Manuál,Diesel,238176,55
,2007,Manuál,Benzín,128224,51
,2009,Manuál,Benzín,114000,44
,2004,Manuál,Benzín,27603,47
,2014,Manuál,Benzín,219377,63
,2011,Manuál,Benzín,187151,63
,2012,Manuál,Benzín,116311,51
,2013,Manuál,Benzín,198112,44
,2011,Manuál,Benzín,249801,63
,2008,Manuál,Benzín,118190,44
,2008,Manuál,Benzín,123400,51
,2011,Manuál,Diesel,198670,55
,2012,Manuál,Benzín,92991,51
,2010,Manuál,Benzín,185893,63
,2012,Manuál,Benzín,144790,63
,2008,Manuál,Diesel,150418,59
,2008,Manuál,Benzín,35329,44
,2010,Manuál,Benzín,70100,44
,2015,Manuál,Diesel,265598,66
,2009,Manuál,Benzín,160300,51
,2009,Manuál,Benzín,136780,51
,2008,Manuál,Benzín,142797,44
,2010,Manuál,Benzín,179414,77
,2008,Manuál,Benzín,118000,51
,2015,Manuál,Benzín,294300,63
,2008,Manuál,Benzín,78747,44
,2008,Manuál,Benzín,125467,44
,2005,Manuál,Diesel,224970,96
,2010,Manuál,Benzín,137973,63
,2008,Manuál,Diesel,235349,77
,2009,Manuál,Benzín,130000,51
,2010,Manuál,Benzín,99800,44
,2011,Manuál,Diesel,159094,55
,2010,Manuál,Benzín,155940,63
,2007,Manuál,Benzín,121048,51
,2006,Manuál,Benzín,19000,40
,2000,Manuál,Benzín,65000,50
,2007,Manuál,Benzín+Plyn,172000,63
,2008,Manuál,Benzín,91051,51
,2012,Manuál,Diesel,238663,55
,2008,Manuál,Benzín,65752,51
,2009,Manuál,Benzín,172697,63
,2010,Manuál,Benzín,171000,63
,2011,Manuál,Benzín,196300,44
,2009,Manuál,Benzín,158700,51
,2009,Manuál,Benzín,162127,44
,2010,Manuál,Benzín,124800,63
,2011,Manuál,Benzín,204041,63
,2010,Manuál,Benzín,124800,63
,2013,Manuál,Benzín,184500,63
,2011,Manuál,Benzín,146833,44
,2010,Manuál,Benzín,108900,44
,2007,Manuál,Benzín,171000,63
,2012,Manuál,Benzín,128312,44
,2008,Manuál,Diesel,178437,77
,2012,Manuál,Benzín,182494,51
,2012,Manuál,Benzín,191451,51
,2009,Manuál,Benzín,56950,44
,2011,Manuál,Diesel,215236,66
,2007,Manuál,Benzín,191588,63
,2009,Manuál,Benzín,85563,51
,2011,Manuál,Benzín,105387,44
,2012,Manuál,Diesel,179113,55
,2011,Manuál,Benzín,131629,63
,2007,Manuál,Benzín,158227,63
,2007,Manuál,Benzín,131526,63
,2012,Manuál,Benzín,128730,44
,2014,Manuál,Benzín,142621,44
,2008,Manuál,Benzín,161076,63
,2008,Manuál,Diesel,196579,77
,2011,Manuál,Benzín,106508,44
,2011,Manuál,Benzín,116991,44
,2009,Manuál,Benzín,45627,44
,2013,Manuál,Benzín,65461,51
,2009,Manuál,Benzín,175291,44
,2011,Manuál,Benzín,148414,44
,2009,Manuál,Benzín,172200,77
,2008,Manuál,Benzín,138294,63
,2010,Manuál,Benzín,98030,63
,2007,Manuál,Benzín,183333,63
,2014,Manuál,Benzín,113802,51
,2007,Manuál,Benzín,152807,51
,2010,Manuál,Benzín,154773,63
,2007,Manuál,Benzín,110155,63
,2010,Manuál,Diesel,186260,55
,2013,Manuál,Benzín+Plyn,108623,77
,2011,Manuál,Benzín,83797,51
,2008,Manuál,Diesel,229000,77
,2008,Manuál,Benzín,130548,77
,2011,Manuál,Benzín,143000,51
,2008,Manuál,Diesel,183515,77
,2010,Manuál,Benzín,181800,63
,2014,Manuál,Benzín,128900,51
,2012,Manuál,Diesel,135341,55
,2010,Manuál,Diesel,176269,77
,2011,Manuál,Benzín,179065,63
,2011,Manuál,Benzín,139277,51
,2010,Manuál,Diesel,214504,55
,2010,Manuál,Benzín,179000,63
,2008,Manuál,Benzín,168169,63
,2014,Manuál,Benzín,123587,51
,2013,Manuál,Benzín,159000,63
,2009,Manuál,Benzín,156489,63
,2012,Manuál,Benzín,135001,44
,2011,Manuál,Benzín,127266,63
,2013,Manuál,Benzín,139941,44
,2007,Manuál,Benzín,177682,77
,2007,Manuál,Benzín,59913,44
,2007,Manuál,Benzín,171658,77
,2012,Manuál,Benzín,67737,63
,2011,Manuál,Benzín,36288,44
,2008,Manuál,Benzín,67447,51
,2009,Manuál,Benzín,88012,51
,2012,Manuál,Diesel,159688,55
,2011,Manuál,Benzín,19418,44
,2008,Manuál,Benzín,130753,63
,2009,Manuál,Benzín,121429,63
,2007,Manuál,Benzín,115000,63
,2010,Manuál,Diesel,169100,77
,2014,Manuál,Benzín,151000,44
,2012,Manuál,Benzín,179014,63
,2008,Manuál,Benzín,134289,63
,2017,Manuál,Benzín,122089,44
,2010,Manuál,Benzín,150275,63
,2011,Manuál,Benzín,185556,63
,2011,Manuál,Benzín,102531,44
,2008,Manuál,Benzín,159459,63
,2010,Manuál,Benzín,65529,44
,2011,Manuál,Benzín,102531,44
,2010,Manuál,Benzín,78171,51
,2010,Manuál,Benzín,123852,63
,2014,Manuál,Benzín,97472,63
,2013,Manuál,Benzín,128907,51
,2016,Manuál,Benzín,208800,81
,2013,Manuál,Benzín,180288,63
,2012,Manuál,Benzín,144467,44
,2009,Manuál,Benzín,161090,63
,2011,Automat,Benzín,168221,132
,2008,Manuál,Diesel,229680,77
,2011,Manuál,Benzín,69727,44
,2008,Manuál,Diesel,122300,77
,2011,Manuál,Benzín,181800,63
,2011,Manuál,Benzín,135241,63
,2008,Manuál,Benzín,73800,51
,2008,Manuál,Benzín,163010,77
,2007,Manuál,Benzín,128566,77
,2010,Manuál,Benzín,181797,77
,2012,Manuál,Benzín,130874,63
,2012,Manuál,Benzín,102546,51
,2010,Manuál,Benzín,146945,63
,2012,Manuál,Benzín,55745,63
,2018,Manuál,Benzín,89703,70
,2007,Manuál,Benzín,75301,63
,2008,Manuál,Benzín,188617,63
,2012,Manuál,Benzín,176519,63
,2009,Manuál,Benzín,115176,63
,2011,Manuál,Benzín,176219,63
,2012,Manuál,Benzín,76993,63
,2018,Manuál,Benzín,202784,70
,2010,Manuál,Diesel,157497,66
,2011,Manuál,Benzín,173119,63
,2011,Manuál,Benzín,159700,77
,2016,Manuál,Benzín,212722,66
,2014,Manuál,Benzín+Plyn,217000,51
,2011,Manuál,Benzín,131643,77
,2010,Automat,Benzín,259000,132
,2016,Manuál,Benzín,244400,66
,2016,Manuál,Benzín,248000,66
,2008,Manuál,Benzín,137615,63
,2007,Manuál,Benzín,115011,77
,2012,Manuál,Benzín,149664,51
,2012,Manuál,Diesel,172890,77
,2010,Manuál,Benzín,49610,44
,2012,Manuál,Diesel,196755,55
,2008,Manuál,Benzín,65727,63
,2014,Manuál,Benzín,98700,44
,2011,Manuál,Diesel,228000,77
,2010,Manuál,Benzín,37355,44
,2008,Automat,Benzín,165000,77
,2011,Manuál,Benzín,97422,63
,2012,Manuál,Benzín,148212,77
,2016,Manuál,Benzín,250156,44
,2013,Manuál,Benzín,86639,51
,2014,Manuál,Benzín,141000,63
,2015,Manuál,Diesel,246607,66
,2011,Manuál,Benzín,17200,44
,2010,Manuál,Benzín,93443,63
,2010,Manuál,Benzín,112658,63
,2009,Manuál,Diesel,144302,77
,2010,Manuál,Benzín,81917,77
,2009,Manuál,Benzín,7982,44
,2014,Manuál,Benzín,113194,63
,2017,Manuál,Benzín+Plyn,166611,55
,2015,Manuál,Benzín,155915,44
,2011,Manuál,Benzín,134980,63
,2015,Manuál,Diesel,112286,66
,2016,Manuál,Diesel,119540,66
,2014,Manuál,Benzín,43758,44
,2013,Manuál,Benzín,121349,63
,2019,Manuál,Benzín,198700,44
,2012,Manuál,Benzín,94488,63
,2014,Manuál,Benzín,124000,63
,2011,Manuál,Benzín,117000,63
,2011,Manuál,Benzín,166000,63
,2013,Manuál,Diesel,184224,55
,2011,Manuál,Benzín,164613,77
,2014,Manuál,Benzín,114392,44
,2012,Manuál,Benzín,122769,51
,2010,Manuál,Benzín,63175,63
,2011,Manuál,Benzín,121122,63
,2010,Manuál,Benzín,99753,63
,2012,Manuál,Benzín,140115,77
,2016,Manuál,Benzín,172679,44
,2018,Manuál,Benzín,176894,70
,2014,Manuál,Benzín,107462,63
,2011,Manuál,Benzín,50189,51
,2016,Manuál,Benzín,176059,55
,2013,Manuál,Benzín,113575,63
,2013,Manuál,Benzín,77843,51
,2014,Manuál,Benzín,51143,63
,2015,Manuál,Diesel,184631,66
,2016,Manuál,Benzín,67935,55
,2015,Manuál,Diesel,160500,66
,2012,Manuál,Benzín,189749,77
,2011,Manuál,Benzín,143922,63
,2015,Manuál,Benzín,189500,66
,2015,Manuál,Benzín,172500,66
,2017,Manuál,Benzín,192400,70
,2013,Manuál,Benzín,34740,44
,2011,Manuál,Diesel,169164,66
,2015,Manuál,Diesel,150000,66
,2011,Manuál,Benzín,107475,63
,2014,Manuál,Benzín,115000,55
,2014,Manuál,Benzín,111635,63
,2015,Manuál,Benzín,91245,44
,2016,Manuál,Benzín,140695,81
,2017,Manuál,Benzín,180600,81
,2012,Manuál,Benzín,85519,63
,2016,Manuál,Benzín,70500,44
,2018,Manuál,Benzín,176699,70
,2018,Manuál,Benzín,183653,70
,2016,Manuál,Benzín,181100,66
,2015,Manuál,Diesel,139203,66
,2016,Manuál,Benzín,51961,44
,2016,Manuál,Diesel,184680,55
,2016,Manuál,Benzín,31088,44
,2018,Manuál,Benzín,188499,70
,2012,Manuál,Diesel,132636,77
,2017,Manuál,Benzín,129600,70
,2013,Manuál,Benzín,145476,63
,2018,Manuál,Diesel,159600,66
,2017,Manuál,Benzín,100077,81
,2017,Manuál,Benzín,90810,66
,2014,Manuál,Benzín,66750,63
,2018,Manuál,Diesel,183082,66
,2017,Manuál,Diesel,192560,66
,2018,Manuál,Benzín,99839,44
,2014,Manuál,Benzín,85380,51
,2012,Manuál,Benzín,115831,63
,2015,Manuál,Diesel,84516,66
,2015,Manuál,Benzín,106828,44
,2015,Manuál,Benzín,222147,66
,2017,Manuál,Diesel,173600,66
,2016,Manuál,Benzín,104441,44
,2016,Manuál,Benzín,54120,44
,2016,Manuál,Benzín,54450,44
,2018,Manuál,Benzín,197957,70
,2017,Manuál,Benzín,189243,66
,2013,Manuál,Benzín,135770,63
,2015,Manuál,Benzín,94375,44
,2011,Automat,Benzín,110000,132
,2012,Manuál,Benzín,158686,63
,2013,Manuál,Benzín,100220,63
,2018,Manuál,Diesel,153500,66
,2015,Manuál,Benzín,133100,55
,2016,Manuál,Benzín,96384,44
,2014,Manuál,Benzín,132283,66
,2015,Manuál,Benzín,51037,44
,2018,Manuál,Benzín,41600,44
,2018,Manuál,Benzín,99939,44
,2015,Manuál,Benzín,133089,44
,2015,Manuál,Diesel,165417,66
,2018,Manuál,Diesel,176702,66
,2017,Manuál,Diesel,197094,66
,2016,Manuál,Benzín,102122,55
,2012,Manuál,Benzín,142393,63
,2013,Manuál,Benzín,90707,63
,2015,Manuál,Benzín,164810,66
,2016,Manuál,Benzín,80280,55
,2015,Manuál,Benzín,169500,81
,2015,Manuál,Benzín,140412,81
,2016,Manuál,Benzín,52268,66
,2017,Manuál,Benzín,104583,44
,2015,Manuál,Benzín,21334,66
,2018,Manuál,Benzín,125722,70
,2017,Manuál,Benzín,46000,44
,2015,Manuál,Benzín,132270,66
,2017,Manuál,Benzín,150749,70
,2014,Manuál,Benzín,128848,66
,2019,Manuál,Benzín,80964,55
,2011,Manuál,Benzín,10635,51
,2018,Manuál,Diesel,168427,55
,2015,Manuál,Benzín,137253,44
,2015,Manuál,Diesel,177900,66
,2015,Automat,Benzín,225000,81
,2015,Manuál,Diesel,103007,66
,2016,Manuál,Benzín,108984,44
,2017,Manuál,Benzín,107691,44
,2012,Manuál,Benzín,146454,51
,2012,Manuál,Benzín,146000,51
,2012,Automat,Benzín,223783,132
,2018,Manuál,Diesel,150316,66
,2014,Manuál,Benzín,145304,66
,2016,Manuál,Benzín,62698,66
,2017,Manuál,Benzín,68463,44
,2017,Manuál,Benzín,137500,66
,2018,Manuál,Benzín,124416,70
,2015,Manuál,Benzín,87517,44
,2015,Manuál,Diesel,185390,66
,2018,Manuál,Diesel,129660,66
,2015,Manuál,Diesel,181051,66
,2020,Manuál,Benzín+Plyn,122000,44
,2015,Manuál,Benzín,91244,66
,2019,Manuál,Benzín,38204,44
,2018,Manuál,Benzín,147164,70
,2017,Manuál,Diesel,132337,66
,2016,Manuál,Benzín,47789,44
,2017,Manuál,Benzín,129896,70
,2017,Manuál,Benzín,68615,44
,2019,Manuál,Benzín+Plyn,91685,55
,2018,Manuál,Benzín,11686,44
,2018,Manuál,Benzín,58139,55
,2018,Manuál,Benzín,86702,70
,2018,Manuál,Benzín+Plyn,69518,55
,2017,Manuál,Benzín,112684,66
,2017,Manuál,Benzín,65379,66
,2019,Manuál,Benzín,45000,70
,2018,Manuál,Benzín,110915,70
,2016,Manuál,Benzín,107229,66
,2015,Manuál,Benzín,77000,66
,2018,Manuál,Benzín,142980,70
,2013,Automat,Benzín,112600,132
,2015,Manuál,Benzín,106287,81
,2018,Manuál,Benzín,89448,55
,2018,Manuál,Benzín,67933,70
,2019,Manuál,Benzín,86897,70
,2018,Manuál,Benzín,85532,70
,2014,Manuál,Benzín,53100,81
,2015,Manuál,Benzín,155368,66
,2018,Manuál,Benzín,9372,44
,2018,Manuál,Benzín,59442,81
,2014,Manuál,Benzín,116738,66
,2015,Manuál,Diesel,170050,66
,2018,Manuál,Diesel,60721,66
,2018,Manuál,Benzín,40556,70
,2017,Manuál,Benzín,35425,70
,2018,Manuál,Benzín,76464,70
,2016,Manuál,Benzín,145670,81
,2018,Manuál,Benzín,48900,70
,2017,Manuál,Benzín,47075,44
,2017,Manuál,Benzín,117018,66
,2017,Manuál,Benzín,58500,66
,2019,Manuál,Benzín,111885,55
,2017,Manuál,Benzín,68274,81
,2019,Manuál,Benzín,71802,70
,2018,Manuál,Benzín+Plyn,71315,55
,2017,Manuál,Benzín,58450,81
,2017,Manuál,Benzín,96722,81
,2017,Manuál,Benzín,89618,70
,2016,Manuál,Benzín,74403,66
,2019,Manuál,Benzín,138039,55
,2020,Manuál,Benzín,53700,44
,2015,Manuál,Benzín,131560,66
,2019,Manuál,Benzín,59874,44
,2016,Manuál,Benzín,156000,62
,2018,Manuál,Benzín,81000,70
,2016,Manuál,Benzín,155000,62
,2016,Manuál,Benzín,90853,66
,2017,Manuál,Benzín,66258,55
,2017,Manuál,Benzín,43490,44
,2017,Manuál,Benzín,45929,81
,2018,Manuál,Diesel,144082,55
,2017,Manuál,Benzín,139927,81
,2019,Manuál,Benzín,78817,70
,2016,Manuál,Benzín,18750,66
,2017,Manuál,Benzín,49000,70
,2014,Manuál,Benzín,4260,63
,2017,Manuál,Benzín,77679,70
,2019,Manuál,Benzín,18219,55
,2017,Manuál,Benzín+Plyn,123691,55
,2018,Manuál,Benzín,65750,81
,2018,Manuál,Diesel,171300,55
,2018,Manuál,Benzín,49206,70
,2011,Automat,Benzín,119892,132
,2018,Manuál,Diesel,99867,66
,2018,Manuál,Diesel,58023,66
,2017,Manuál,Benzín,32544,66
,2019,Manuál,Benzín,71774,55
,2012,Automat,Benzín,48303,132
,2016,Manuál,Benzín,160365,81
,2018,Manuál,Benzín,72774,70
,2019,Manuál,Benzín,9982,44
,2018,Manuál,Benzín,64444,44
,2017,Manuál,Benzín,37087,66
,2017,Manuál,Benzín,26873,70
,2015,Manuál,Benzín,79193,66
,2011,Automat,Benzín,131681,132
,2015,Automat,Benzín,68980,81
,2015,Manuál,Benzín,133900,66
,2018,Manuál,Benzín,82643,70
,2018,Manuál,Benzín,58619,70
,2015,Manuál,Benzín,76467,81
,2015,Manuál,Benzín,80629,66
,2015,Manuál,Benzín,78850,66
,2016,Manuál,Benzín,45195,44
,2018,Manuál,Benzín,61745,70
,2016,Manuál,Benzín,75156,66
,2017,Manuál,Benzín,52385,81
,2016,Manuál,Benzín,38294,66
,2019,Manuál,Benzín+Plyn,76502,44
,2016,Manuál,Benzín,116143,66
,2018,Manuál,Benzín,89526,70
,2018,Manuál,Benzín,61696,81
,2019,Manuál,Benzín,132313,81
,2018,Manuál,Benzín,99447,81
,2016,Manuál,Benzín,72317,66
,2017,Manuál,Benzín,51500,81
,2016,Manuál,Benzín,24315,81
,2011,Manuál,Benzín,6830,63
,2015,Manuál,Benzín,90800,81
,2017,Manuál,Benzín,43149,81
,2015,Automat,Benzín,133638,81
,2014,Manuál,Benzín,83165,66
,2018,Manuál,Benzín,9308,70
,2016,Manuál,Benzín,115335,81
,2017,Manuál,Benzín,43330,66
,2015,Manuál,Benzín,76331,66
,2016,Manuál,Benzín,39537,66
,2017,Manuál,Benzín,97583,70
,2017,Manuál,Benzín,34142,70
,2019,Manuál,Benzín,66725,70
,2016,Manuál,Benzín,80947,66
,2018,Manuál,Benzín,112986,81
,2019,Manuál,Benzín,95250,70
,2016,Manuál,Benzín,47293,66
,2015,Manuál,Benzín,68925,81
,2018,Manuál,Diesel,121579,77
,2020,Manuál,Benzín,27476,44
,2018,Manuál,Benzín,34901,66
,2020,Manuál,Benzín,33385,44
,2020,Manuál,Benzín,42570,44
,2017,Manuál,Benzín,54372,70
,2018,Manuál,Benzín,111632,81
,2019,Manuál,Benzín,61409,81
,2020,Manuál,Benzín,24251,44
,2020,Manuál,Benzín,43126,44
,2018,Manuál,Benzín,72333,81
,2018,Manuál,Diesel,65928,66
,2018,Manuál,Benzín,30596,70
,2018,Manuál,Benzín,17874,70
,2018,Manuál,Benzín,97039,81
,2017,Manuál,Benzín,57328,81
,2015,Manuál,Benzín,48294,66
,2016,Automat,Diesel,127191,66
,2018,Manuál,Benzín,40329,70
,2020,Manuál,Benzín,39926,70
,2017,Manuál,Benzín,74988,81
,2020,Manuál,Benzín,39420,70
,2018,Manuál,Benzín,17174,55
,2016,Manuál,Benzín,80000,
,2018,Automat,Benzín,37705,81
,2017,Automat,Benzín,67295,81
,2019,Manuál,Benzín,8029,70
,2018,Manuál,Benzín,24515,44
,2015,Manuál,Benzín,75100,81
,2019,Manuál,Benzín,71100,81
,2018,Manuál,Benzín,21000,81
,2018,Manuál,Benzín,85140,81
,2019,Manuál,Benzín,48530,70
,2017,Manuál,Benzín,55180,70
,2019,Manuál,Benzín,122000,70
,2021,Manuál,Benzín,25369,44
,2018,Manuál,Benzín,53792,81
,2019,Manuál,Benzín,19435,55
,2021,Manuál,Benzín,26158,44
,2021,Manuál,Benzín,22189,44
,2019,Manuál,Benzín,94456,70
,2020,Manuál,Benzín,40963,70
,2019,Manuál,Benzín,25536,44
,2017,Manuál,Benzín,83512,81
,2017,Manuál,Benzín,56660,70
,2018,Manuál,Benzín,13100,70
,2018,Manuál,Benzín,41332,81
,2020,Manuál,Benzín,26144,44
,2018,Manuál,Benzín,42051,70
,2018,Manuál,Benzín,26600,70
,2018,Manuál,Benzín,24500,70
,2019,Manuál,Benzín,134635,81
,2020,Manuál,Benzín,53000,81
,2019,Manuál,Benzín,86079,70
,2017,Automat,Benzín,122000,81
,2017,Automat,Benzín,114084,81
,2017,Manuál,Benzín,58300,70
,2021,Manuál,Benzín,95227,70
,2019,Manuál,Benzín,14238,70
,2018,Manuál,Benzín,52931,81
,2018,Manuál,Benzín,59000,70
,2020,Manuál,Benzín,20702,70
,2019,Manuál,Benzín,20995,70
,2019,Manuál,Benzín,100776,81
,2020,Manuál,Benzín,39093,70
,2020,Manuál,Benzín,41925,70
,2015,Manuál,Benzín,32130,81
,2019,Manuál,Benzín,71119,81
,2019,Manuál,Benzín,85709,81
,2018,Manuál,Benzín,80550,81
,2018,Manuál,Benzín,59060,81
,2019,Manuál,Benzín,34395,81
,2019,Manuál,Benzín,37255,81
,2019,Manuál,Benzín,81743,81
,2016,Automat,Benzín,45307,81
,2019,Manuál,Benzín,30307,70
,2020,Manuál,Benzín,22682,70
,2017,Manuál,Diesel,14200,66
,2018,Manuál,Benzín,28826,81
,2019,Manuál,Benzín,41654,70
,2018,Manuál,Benzín,39409,81
,2018,Manuál,Benzín,20000,70
,2022,Manuál,Benzín,27194,70
,2022,Manuál,Benzín,30659,59
,2019,Manuál,Benzín,44000,70
,2020,Manuál,Benzín,46961,70
,2020,Manuál,Benzín,48500,81
,2020,Manuál,Benzín,9835,70
,2019,Manuál,Benzín,10025,81
,2019,Manuál,Benzín,11327,81
,2019,Manuál,Benzín,14226,81
,2018,Manuál,Benzín,67072,81
,2019,Manuál,Benzín,8274,81
,2019,Manuál,Benzín,38648,81
,2018,Automat,Benzín,47937,81
,2020,Manuál,Benzín,46217,70
,2021,Manuál,Benzín,18408,70
,2020,Manuál,Benzín,61367,70
,2020,Manuál,Benzín,47390,70
,2020,Manuál,Benzín,21600,70
,2021,Manuál,Benzín,27060,70
,2019,Automat,Benzín,57748,81
,2020,Manuál,Benzín,35944,70
,2019,Manuál,Benzín,24140,70
,2018,Automat,Benzín,42088,81
,2022,Manuál,Benzín,22000,81
,2021,Manuál,Benzín,89882,70
,2020,Manuál,Benzín,45000,81
,2020,Manuál,Benzín,5325,81
,2019,Manuál,Benzín,39306,70
,2019,Manuál,Benzín,6255,70
,2021,Manuál,Benzín,12000,70
,2020,Manuál,Benzín,30278,81
,2021,Manuál,Benzín,27473,81
,2020,Automat,Benzín,43811,70
,2021,Manuál,Benzín,14044,70
,2021,Manuál,Benzín,35934,81
,2021,Manuál,Benzín,22806,70
,2018,Manuál,Benzín,65000,81
,2019,Automat,Benzín,21243,81
,2019,Automat,Benzín,17365,81
,2022,Manuál,Benzín,1112,70
,2022,Manuál,Benzín,8300,59
,2022,Manuál,Benzín,40232,70
,2021,Manuál,Benzín,21700,70
,2022,Manuál,Benzín,5,59
,2023,Manuál,Benzín,40,70
,2021,Manuál,Benzín,6030,70
,2021,Manuál,Benzín,40720,81
,2023,Manuál,Benzín,40,70
,2022,Manuál,Benzín,4327,70
,2023,Manuál,Benzín,1,81
,2022,Automat,Benzín,25258,81
,2020,Automat,Benzín,32594,70
,2021,Manuál,Benzín,35964,81
,2022,Manuál,Benzín,1,81
,2023,Manuál,Benzín,40,81
,2023,Manuál,Benzín,8,81
,2023,Manuál,Benzín,40,81
,2023,Manuál,Benzín,40,59
,2022,Manuál,Benzín,26518,70
,2021,Manuál,Benzín,32585,81
,2022,Manuál,Benzín,38133,81
,2023,Manuál,Benzín,1,81
,2021,Manuál,Benzín,7744,70
,2022,Manuál,Benzín,1,81
,2022,Manuál,Benzín,8000,81
,2022,Manuál,Benzín,1,81
,2022,Manuál,Benzín,31280,81
,2021,Manuál,Benzín,16732,81
,2022,Manuál,Benzín,40653,81
,2021,Manuál,Benzín,25311,81
,2021,Manuál,Benzín,27958,81
,2022,Manuál,Benzín,29039,81
,2023,Manuál,Benzín,40,81
,2022,Manuál,Benzín,19500,70
,2021,Manuál,Benzín,36137,81
,2022,Manuál,Benzín,19200,70
,2023,Manuál,Benzín,40,81
,2022,Manuál,Benzín,15300,70
,2021,Manuál,Benzín,29342,81
,2021,Manuál,Benzín,21576,81
,2022,Manuál,Benzín,8900,70
,2022,Manuál,Benzín,18300,70
,2022,Manuál,Benzín,40382,81
,2021,Manuál,Benzín,30456,81
,2022,Manuál,Benzín,5987,81
,2022,Manuál,Benzín,8300,70
,2022,Manuál,Benzín,24188,81
,2021,Manuál,Benzín,25238,81
,2022,Manuál,Benzín,13000,70
,2021,Automat,Benzín,21402,81
,2022,Automat,Benzín,8454,81
,2021,Automat,Benzín,14604,81
,2022,Automat,Benzín,38339,81
,2021,Automat,Benzín,27032,81
,2021,Automat,Benzín,20086,81
,2021,Automat,Benzín,29923,81
,2021,Automat,Benzín,17997,81
,2015,Automat,Diesel,131740,110
,2022,Manuál,Benzín,1000,81
,2021,Automat,Benzín,15177,81
,2021,Automat,Benzín,21085,81
,2022,Automat,Benzín,37322,81
,2021,Automat,Benzín,10880,81
,2021,Automat,Benzín,22991,81
,2021,Automat,Benzín,21198,81
,2022,Automat,Benzín,24331,81
,2021,Automat,Benzín,29928,81
,2022,Automat,Benzín,27615,81
,2021,Automat,Benzín,26975,81
,2022,Automat,Benzín,24809,81
,2021,Automat,Benzín,23229,81
,2021,Automat,Benzín,29101,81
,2022,Automat,Benzín,40,81
,2021,Automat,Benzín,20000,81
,2021,Automat,Benzín,6240,81
,2021,Automat,Benzín,28040,81
,2021,Automat,Benzín,6763,81
,2022,Automat,Benzín,3250,110
,2023,Automat,Benzín,10,81
